{"RMSE": 48.85263872305504, "MAE": 34.04586801777943, "MAPE": 0.4892105902284714, "R2": 0.9986030508266902}